"RelativePath","SizeKB","FullName"
"comfyui.snapshot.json","1.6","F:\一人公司\comfyui-production\comfyui.snapshot.json"
"custom_nodes.lock.json","2.6","F:\一人公司\comfyui-production\custom_nodes.lock.json"
"minimax_h3.download-state.json","3.5","F:\一人公司\comfyui-production\minimax_h3.download-state.json"
"models.manifest.json","3.7","F:\一人公司\comfyui-production\models.manifest.json"
"video_minimax_h3_i2v.json","71.9","F:\一人公司\comfyui-production\video_minimax_h3_i2v.json"
"video_minimax_h3_r2v.json","45.8","F:\一人公司\comfyui-production\video_minimax_h3_r2v.json"
"video_minimax_h3_t2v.json","68.4","F:\一人公司\comfyui-production\video_minimax_h3_t2v.json"
".codex\ACTIVE_ITERATION.json","1.4","F:\一人公司\comfyui-production\.codex\ACTIVE_ITERATION.json"
".codex\change-baseline.json","80.5","F:\一人公司\comfyui-production\.codex\change-baseline.json"
".codex\CONTEXT_LOAD_RECEIPT.json","2.8","F:\一人公司\comfyui-production\.codex\CONTEXT_LOAD_RECEIPT.json"
".codex\RELEASE_LINEAGE.json","0.9","F:\一人公司\comfyui-production\.codex\RELEASE_LINEAGE.json"
".codex\active-iteration-history\CLOSED-20260904-034537.json","0.9","F:\一人公司\comfyui-production\.codex\active-iteration-history\CLOSED-20260904-034537.json"
".codex\active-iteration-history\CLOSED-20260904-044611.json","0.9","F:\一人公司\comfyui-production\.codex\active-iteration-history\CLOSED-20260904-044611.json"
".codex\active-iteration-history\CLOSED-20260904-053052.json","1","F:\一人公司\comfyui-production\.codex\active-iteration-history\CLOSED-20260904-053052.json"
".codex\active-iteration-history\SUPERSEDED-20260904-031811.json","0.6","F:\一人公司\comfyui-production\.codex\active-iteration-history\SUPERSEDED-20260904-031811.json"
".codex\active-iteration-history\SUPERSEDED-20260904-052559.json","0.9","F:\一人公司\comfyui-production\.codex\active-iteration-history\SUPERSEDED-20260904-052559.json"
".codex\active-iteration-history\SUPERSEDED-20260904-064331.json","1.1","F:\一人公司\comfyui-production\.codex\active-iteration-history\SUPERSEDED-20260904-064331.json"
".codex\active-iteration-history\SUPERSEDED-20260905-031314.json","1.1","F:\一人公司\comfyui-production\.codex\active-iteration-history\SUPERSEDED-20260905-031314.json"
".codex\active-iteration-history\SUPERSEDED-20260907-021707.json","0.8","F:\一人公司\comfyui-production\.codex\active-iteration-history\SUPERSEDED-20260907-021707.json"
".codex\active-iteration-history\SUPERSEDED-20260907-034320.json","0.8","F:\一人公司\comfyui-production\.codex\active-iteration-history\SUPERSEDED-20260907-034320.json"
".codex\tasks\TASK-20260903-223609\TASK_CONTRACT_DRAFT.json","7.9","F:\一人公司\comfyui-production\.codex\tasks\TASK-20260903-223609\TASK_CONTRACT_DRAFT.json"
".codex\tasks\TASK-20260904-015124\TASK_CONTRACT_DRAFT.json","2.4","F:\一人公司\comfyui-production\.codex\tasks\TASK-20260904-015124\TASK_CONTRACT_DRAFT.json"
".codex\tasks\TASK-20260904-015933\TASK_CONTRACT_DRAFT.json","2","F:\一人公司\comfyui-production\.codex\tasks\TASK-20260904-015933\TASK_CONTRACT_DRAFT.json"
".codex\tasks\TASK-20260904-020441\TASK_CONTRACT_DRAFT.json","10.4","F:\一人公司\comfyui-production\.codex\tasks\TASK-20260904-020441\TASK_CONTRACT_DRAFT.json"
".codex\tasks\TASK-20260904-022007\TASK_CONTRACT_DRAFT.json","6.1","F:\一人公司\comfyui-production\.codex\tasks\TASK-20260904-022007\TASK_CONTRACT_DRAFT.json"
".codex\tasks\TASK-20260904-022147\TASK_CONTRACT_DRAFT.json","5.4","F:\一人公司\comfyui-production\.codex\tasks\TASK-20260904-022147\TASK_CONTRACT_DRAFT.json"
".codex\tasks\TASK-20260904-022400\TASK_CONTRACT_DRAFT.json","5.9","F:\一人公司\comfyui-production\.codex\tasks\TASK-20260904-022400\TASK_CONTRACT_DRAFT.json"
".codex\tasks\TASK-20260904-030825\ITERATION_RESULT.json","3.6","F:\一人公司\comfyui-production\.codex\tasks\TASK-20260904-030825\ITERATION_RESULT.json"
".codex\tasks\TASK-20260904-030825\TASK_CONTRACT_DRAFT.json","18.1","F:\一人公司\comfyui-production\.codex\tasks\TASK-20260904-030825\TASK_CONTRACT_DRAFT.json"
".codex\tasks\TASK-20260904-035538\ITERATION_RESULT.json","4.6","F:\一人公司\comfyui-production\.codex\tasks\TASK-20260904-035538\ITERATION_RESULT.json"
".codex\tasks\TASK-20260904-035538\TASK_CONTRACT_DRAFT.json","14.8","F:\一人公司\comfyui-production\.codex\tasks\TASK-20260904-035538\TASK_CONTRACT_DRAFT.json"
".codex\tasks\TASK-20260904-045550\ITERATION_RESULT.json","4.5","F:\一人公司\comfyui-production\.codex\tasks\TASK-20260904-045550\ITERATION_RESULT.json"
".codex\tasks\TASK-20260904-045550\TASK_CONTRACT_DRAFT.json","11.3","F:\一人公司\comfyui-production\.codex\tasks\TASK-20260904-045550\TASK_CONTRACT_DRAFT.json"
".codex\tasks\TASK-20260904-053953\TASK_CONTRACT_DRAFT.json","2.7","F:\一人公司\comfyui-production\.codex\tasks\TASK-20260904-053953\TASK_CONTRACT_DRAFT.json"
".codex\tasks\TASK-20260904-054420\ITERATION_RESULT.json","4.8","F:\一人公司\comfyui-production\.codex\tasks\TASK-20260904-054420\ITERATION_RESULT.json"
".codex\tasks\TASK-20260904-054420\TASK_CONTRACT_DRAFT.json","12.7","F:\一人公司\comfyui-production\.codex\tasks\TASK-20260904-054420\TASK_CONTRACT_DRAFT.json"
".codex\tasks\TASK-20260904-063511\ITERATION_RESULT.json","5.3","F:\一人公司\comfyui-production\.codex\tasks\TASK-20260904-063511\ITERATION_RESULT.json"
".codex\tasks\TASK-20260904-063511\TASK_CONTRACT_DRAFT.json","14.4","F:\一人公司\comfyui-production\.codex\tasks\TASK-20260904-063511\TASK_CONTRACT_DRAFT.json"
".codex\tasks\TASK-20260904-072408\ITERATION_RESULT.json","6.3","F:\一人公司\comfyui-production\.codex\tasks\TASK-20260904-072408\ITERATION_RESULT.json"
".codex\tasks\TASK-20260904-072408\TASK_CONTRACT_DRAFT.json","14.6","F:\一人公司\comfyui-production\.codex\tasks\TASK-20260904-072408\TASK_CONTRACT_DRAFT.json"
".codex\tasks\TASK-20260906-H3-EXTENDER-UPGRADE\TASK_CONTRACT_DRAFT.json","17.2","F:\一人公司\comfyui-production\.codex\tasks\TASK-20260906-H3-EXTENDER-UPGRADE\TASK_CONTRACT_DRAFT.json"
".codex\tasks\TASK-20260907-020459\TASK_CONTRACT_DRAFT.json","11.9","F:\一人公司\comfyui-production\.codex\tasks\TASK-20260907-020459\TASK_CONTRACT_DRAFT.json"
".codex\verification-receipts\api-preset-contract.json","1.4","F:\一人公司\comfyui-production\.codex\verification-receipts\api-preset-contract.json"
".codex\verification-receipts\api-smoke.json","1.6","F:\一人公司\comfyui-production\.codex\verification-receipts\api-smoke.json"
".codex\verification-receipts\project-regression.json","2.3","F:\一人公司\comfyui-production\.codex\verification-receipts\project-regression.json"
".codex\verification-receipts\protected-download-state.json","1.7","F:\一人公司\comfyui-production\.codex\verification-receipts\protected-download-state.json"
".codex\verification-receipts\secret-scan.json","1.2","F:\一人公司\comfyui-production\.codex\verification-receipts\secret-scan.json"
".codex\verification-receipts\static-and-unit.json","1.6","F:\一人公司\comfyui-production\.codex\verification-receipts\static-and-unit.json"
".codex\verification-receipts\subtitle-preflight.json","1.4","F:\一人公司\comfyui-production\.codex\verification-receipts\subtitle-preflight.json"
".codex\verification-receipts\workflow-spec.json","1.3","F:\一人公司\comfyui-production\.codex\verification-receipts\workflow-spec.json"
"artifacts\upscaled_candidates\suwanqing45_subtitled_1080x1920_candidate.candidate.json","14.1","F:\一人公司\comfyui-production\artifacts\upscaled_candidates\suwanqing45_subtitled_1080x1920_candidate.candidate.json"
"artifacts\wan2.1_i2v_suwanqing_5s\run_metadata.json","1.2","F:\一人公司\comfyui-production\artifacts\wan2.1_i2v_suwanqing_5s\run_metadata.json"
"artifacts\wan2.1_i2v_suwanqing_5s\workflow.json","3.9","F:\一人公司\comfyui-production\artifacts\wan2.1_i2v_suwanqing_5s\workflow.json"
"backups\audit-20260904-054620\minimax_h3.download-state.json","3.5","F:\一人公司\comfyui-production\backups\audit-20260904-054620\minimax_h3.download-state.json"
"backups\h3-upgrade-20260907-034505\comfy.settings.json","0.3","F:\一人公司\comfyui-production\backups\h3-upgrade-20260907-034505\comfy.settings.json"
"backups\h3-upgrade-20260907-034505\custom_nodes.json","1.8","F:\一人公司\comfyui-production\backups\h3-upgrade-20260907-034505\custom_nodes.json"
"backups\h3-upgrade-20260907-034505\MiniMax_H3.config.json","1.8","F:\一人公司\comfyui-production\backups\h3-upgrade-20260907-034505\MiniMax_H3.config.json"
"backups\h3-upgrade-20260907-034505\MiniMax_H3.json","5.4","F:\一人公司\comfyui-production\backups\h3-upgrade-20260907-034505\MiniMax_H3.json"
"reports\h3\install_manifest.json","0.8","F:\一人公司\comfyui-production\reports\h3\install_manifest.json"
"reports\h3\iteration_result.json","5","F:\一人公司\comfyui-production\reports\h3\iteration_result.json"
"reports\h3\pre_install_backup_manifest.json","4.1","F:\一人公司\comfyui-production\reports\h3\pre_install_backup_manifest.json"
"reports\h3\runtime-subject.json","1.9","F:\一人公司\comfyui-production\reports\h3\runtime-subject.json"
"reports\h3\runtime_baseline_summary.json","2.3","F:\一人公司\comfyui-production\reports\h3\runtime_baseline_summary.json"
"reports\h3\static_import_dependency_check.json","0.7","F:\一人公司\comfyui-production\reports\h3\static_import_dependency_check.json"
"reports\h3\upstream_motion_context_audit.json","3.1","F:\一人公司\comfyui-production\reports\h3\upstream_motion_context_audit.json"
"runtime\jobs.json","63","F:\一人公司\comfyui-production\runtime\jobs.json"
"runtime\artifacts\d14f40680fe241b6a91a2258d5cccaab\qa.json","2.1","F:\一人公司\comfyui-production\runtime\artifacts\d14f40680fe241b6a91a2258d5cccaab\qa.json"
"runtime\verification\minimax-h3-download-guard\result.json","0.8","F:\一人公司\comfyui-production\runtime\verification\minimax-h3-download-guard\result.json"
"sample_assets\cast_manifest.json","1.1","F:\一人公司\comfyui-production\sample_assets\cast_manifest.json"
"sample_assets\manifests\suwanqing45_neutral_control.json","0.9","F:\一人公司\comfyui-production\sample_assets\manifests\suwanqing45_neutral_control.json"
"sample_assets\manifests\suwanqing45_primary_portrait.json","1","F:\一人公司\comfyui-production\sample_assets\manifests\suwanqing45_primary_portrait.json"
"sample_assets\three_images\request.json","0.9","F:\一人公司\comfyui-production\sample_assets\three_images\request.json"
"sample_assets\two_images_one_video\request.json","0.9","F:\一人公司\comfyui-production\sample_assets\two_images_one_video\request.json"
"staging\comfyui-v0.34.0\ComfyUI-0.34.0\blueprints\Audio Generation (Stable Audio 3 Medium Base).json","80.3","F:\一人公司\comfyui-production\staging\comfyui-v0.34.0\ComfyUI-0.34.0\blueprints\Audio Generation (Stable Audio 3 Medium Base).json"
"staging\comfyui-v0.34.0\ComfyUI-0.34.0\blueprints\Audio Generation (Stable Audio 3 Medium).json","80.3","F:\一人公司\comfyui-production\staging\comfyui-v0.34.0\ComfyUI-0.34.0\blueprints\Audio Generation (Stable Audio 3 Medium).json"
"staging\comfyui-v0.34.0\ComfyUI-0.34.0\blueprints\Brightness and Contrast.json","11.5","F:\一人公司\comfyui-production\staging\comfyui-v0.34.0\ComfyUI-0.34.0\blueprints\Brightness and Contrast.json"
"staging\comfyui-v0.34.0\ComfyUI-0.34.0\blueprints\Canny to Image (Z-Image-Turbo).json","39.6","F:\一人公司\comfyui-production\staging\comfyui-v0.34.0\ComfyUI-0.34.0\blueprints\Canny to Image (Z-Image-Turbo).json"
"staging\comfyui-v0.34.0\ComfyUI-0.34.0\blueprints\Canny to Video (LTX 2.0).json","92.4","F:\一人公司\comfyui-production\staging\comfyui-v0.34.0\ComfyUI-0.34.0\blueprints\Canny to Video (LTX 2.0).json"
"staging\comfyui-v0.34.0\ComfyUI-0.34.0\blueprints\Character Replacement (SCAIL-2 Base).json","105.4","F:\一人公司\comfyui-production\staging\comfyui-v0.34.0\ComfyUI-0.34.0\blueprints\Character Replacement (SCAIL-2 Base).json"
"staging\comfyui-v0.34.0\ComfyUI-0.34.0\blueprints\Character Replacement (SCAIL-2 Extend).json","112.1","F:\一人公司\comfyui-production\staging\comfyui-v0.34.0\ComfyUI-0.34.0\blueprints\Character Replacement (SCAIL-2 Extend).json"
"staging\comfyui-v0.34.0\ComfyUI-0.34.0\blueprints\Chromatic Aberration.json","11.3","F:\一人公司\comfyui-production\staging\comfyui-v0.34.0\ComfyUI-0.34.0\blueprints\Chromatic Aberration.json"
"staging\comfyui-v0.34.0\ComfyUI-0.34.0\blueprints\Color Adjustment.json","17.2","F:\一人公司\comfyui-production\staging\comfyui-v0.34.0\ComfyUI-0.34.0\blueprints\Color Adjustment.json"
"staging\comfyui-v0.34.0\ComfyUI-0.34.0\blueprints\Color Balance.json","30.3","F:\一人公司\comfyui-production\staging\comfyui-v0.34.0\ComfyUI-0.34.0\blueprints\Color Balance.json"
"staging\comfyui-v0.34.0\ComfyUI-0.34.0\blueprints\Color Curves.json","16.5","F:\一人公司\comfyui-production\staging\comfyui-v0.34.0\ComfyUI-0.34.0\blueprints\Color Curves.json"
"staging\comfyui-v0.34.0\ComfyUI-0.34.0\blueprints\ControlNet (Z-Image-Turbo).json","35.7","F:\一人公司\comfyui-production\staging\comfyui-v0.34.0\ComfyUI-0.34.0\blueprints\ControlNet (Z-Image-Turbo).json"
"staging\comfyui-v0.34.0\ComfyUI-0.34.0\blueprints\Crop Images 2x2.json","40.2","F:\一人公司\comfyui-production\staging\comfyui-v0.34.0\ComfyUI-0.34.0\blueprints\Crop Images 2x2.json"
"staging\comfyui-v0.34.0\ComfyUI-0.34.0\blueprints\Crop Images 3x3.json","73.4","F:\一人公司\comfyui-production\staging\comfyui-v0.34.0\ComfyUI-0.34.0\blueprints\Crop Images 3x3.json"
"staging\comfyui-v0.34.0\ComfyUI-0.34.0\blueprints\Depth to Image (Z-Image-Turbo).json","63.2","F:\一人公司\comfyui-production\staging\comfyui-v0.34.0\ComfyUI-0.34.0\blueprints\Depth to Image (Z-Image-Turbo).json"
"staging\comfyui-v0.34.0\ComfyUI-0.34.0\blueprints\Depth to Video (ltx 2.0).json","135","F:\一人公司\comfyui-production\staging\comfyui-v0.34.0\ComfyUI-0.34.0\blueprints\Depth to Video (ltx 2.0).json"
"staging\comfyui-v0.34.0\ComfyUI-0.34.0\blueprints\Edge-Preserving Blur.json","13.8","F:\一人公司\comfyui-production\staging\comfyui-v0.34.0\ComfyUI-0.34.0\blueprints\Edge-Preserving Blur.json"
"staging\comfyui-v0.34.0\ComfyUI-0.34.0\blueprints\Film Grain.json","18.1","F:\一人公司\comfyui-production\staging\comfyui-v0.34.0\ComfyUI-0.34.0\blueprints\Film Grain.json"
"staging\comfyui-v0.34.0\ComfyUI-0.34.0\blueprints\First-Last-Frame to Video (LTX-2.3).json","88.2","F:\一人公司\comfyui-production\staging\comfyui-v0.34.0\ComfyUI-0.34.0\blueprints\First-Last-Frame to Video (LTX-2.3).json"
"staging\comfyui-v0.34.0\ComfyUI-0.34.0\blueprints\First-Last-Frame to Video.json","88.2","F:\一人公司\comfyui-production\staging\comfyui-v0.34.0\ComfyUI-0.34.0\blueprints\First-Last-Frame to Video.json"
"staging\comfyui-v0.34.0\ComfyUI-0.34.0\blueprints\Frame Interpolation.json","21","F:\一人公司\comfyui-production\staging\comfyui-v0.34.0\ComfyUI-0.34.0\blueprints\Frame Interpolation.json"
"staging\comfyui-v0.34.0\ComfyUI-0.34.0\blueprints\Geometry Estimation (MoGe).json","31.8","F:\一人公司\comfyui-production\staging\comfyui-v0.34.0\ComfyUI-0.34.0\blueprints\Geometry Estimation (MoGe).json"
"staging\comfyui-v0.34.0\ComfyUI-0.34.0\blueprints\Get Any Video Frame.json","11.1","F:\一人公司\comfyui-production\staging\comfyui-v0.34.0\ComfyUI-0.34.0\blueprints\Get Any Video Frame.json"
"staging\comfyui-v0.34.0\ComfyUI-0.34.0\blueprints\Glow.json","17.4","F:\一人公司\comfyui-production\staging\comfyui-v0.34.0\ComfyUI-0.34.0\blueprints\Glow.json"
"staging\comfyui-v0.34.0\ComfyUI-0.34.0\blueprints\Hue and Saturation.json","24.5","F:\一人公司\comfyui-production\staging\comfyui-v0.34.0\ComfyUI-0.34.0\blueprints\Hue and Saturation.json"
"staging\comfyui-v0.34.0\ComfyUI-0.34.0\blueprints\Image Blur.json","12.1","F:\一人公司\comfyui-production\staging\comfyui-v0.34.0\ComfyUI-0.34.0\blueprints\Image Blur.json"
"staging\comfyui-v0.34.0\ComfyUI-0.34.0\blueprints\Image Captioning (gemini).json","8.9","F:\一人公司\comfyui-production\staging\comfyui-v0.34.0\ComfyUI-0.34.0\blueprints\Image Captioning (gemini).json"
"staging\comfyui-v0.34.0\ComfyUI-0.34.0\blueprints\Image Channels.json","8.1","F:\一人公司\comfyui-production\staging\comfyui-v0.34.0\ComfyUI-0.34.0\blueprints\Image Channels.json"
"staging\comfyui-v0.34.0\ComfyUI-0.34.0\blueprints\Image Depth Estimation (Depth Anything 3).json","14.5","F:\一人公司\comfyui-production\staging\comfyui-v0.34.0\ComfyUI-0.34.0\blueprints\Image Depth Estimation (Depth Anything 3).json"
"staging\comfyui-v0.34.0\ComfyUI-0.34.0\blueprints\Image Depth Estimation (Lotus Depth).json","23.2","F:\一人公司\comfyui-production\staging\comfyui-v0.34.0\ComfyUI-0.34.0\blueprints\Image Depth Estimation (Lotus Depth).json"
"staging\comfyui-v0.34.0\ComfyUI-0.34.0\blueprints\Image Depth Estimation (MoGe).json","28.9","F:\一人公司\comfyui-production\staging\comfyui-v0.34.0\ComfyUI-0.34.0\blueprints\Image Depth Estimation (MoGe).json"
"staging\comfyui-v0.34.0\ComfyUI-0.34.0\blueprints\Image Edit (Bernini-R).json","89.8","F:\一人公司\comfyui-production\staging\comfyui-v0.34.0\ComfyUI-0.34.0\blueprints\Image Edit (Bernini-R).json"
"staging\comfyui-v0.34.0\ComfyUI-0.34.0\blueprints\Image Edit (FireRed Image Edit 1.1).json","55","F:\一人公司\comfyui-production\staging\comfyui-v0.34.0\ComfyUI-0.34.0\blueprints\Image Edit (FireRed Image Edit 1.1).json"
"staging\comfyui-v0.34.0\ComfyUI-0.34.0\blueprints\Image Edit (Flux.2 Dev).json","52.5","F:\一人公司\comfyui-production\staging\comfyui-v0.34.0\ComfyUI-0.34.0\blueprints\Image Edit (Flux.2 Dev).json"
"staging\comfyui-v0.34.0\ComfyUI-0.34.0\blueprints\Image Edit (Flux.2 Klein 4B).json","46.4","F:\一人公司\comfyui-production\staging\comfyui-v0.34.0\ComfyUI-0.34.0\blueprints\Image Edit (Flux.2 Klein 4B).json"
"staging\comfyui-v0.34.0\ComfyUI-0.34.0\blueprints\Image Edit (LongCat Image Edit).json","35.4","F:\一人公司\comfyui-production\staging\comfyui-v0.34.0\ComfyUI-0.34.0\blueprints\Image Edit (LongCat Image Edit).json"
"staging\comfyui-v0.34.0\ComfyUI-0.34.0\blueprints\Image Edit (Qwen 2509).json","48.5","F:\一人公司\comfyui-production\staging\comfyui-v0.34.0\ComfyUI-0.34.0\blueprints\Image Edit (Qwen 2509).json"
"staging\comfyui-v0.34.0\ComfyUI-0.34.0\blueprints\Image Edit (Qwen 2511).json","38.8","F:\一人公司\comfyui-production\staging\comfyui-v0.34.0\ComfyUI-0.34.0\blueprints\Image Edit (Qwen 2511).json"
"staging\comfyui-v0.34.0\ComfyUI-0.34.0\blueprints\Image Face Detection (Mediapipe).json","19.3","F:\一人公司\comfyui-production\staging\comfyui-v0.34.0\ComfyUI-0.34.0\blueprints\Image Face Detection (Mediapipe).json"
"staging\comfyui-v0.34.0\ComfyUI-0.34.0\blueprints\Image Inpainting (Flux.1 Fill Dev).json","29.7","F:\一人公司\comfyui-production\staging\comfyui-v0.34.0\ComfyUI-0.34.0\blueprints\Image Inpainting (Flux.1 Fill Dev).json"
"staging\comfyui-v0.34.0\ComfyUI-0.34.0\blueprints\Image Inpainting (Qwen-image).json","47.8","F:\一人公司\comfyui-production\staging\comfyui-v0.34.0\ComfyUI-0.34.0\blueprints\Image Inpainting (Qwen-image).json"
"staging\comfyui-v0.34.0\ComfyUI-0.34.0\blueprints\Image Levels.json","20.2","F:\一人公司\comfyui-production\staging\comfyui-v0.34.0\ComfyUI-0.34.0\blueprints\Image Levels.json"
"staging\comfyui-v0.34.0\ComfyUI-0.34.0\blueprints\Image Outpainting (Qwen-Image).json","67","F:\一人公司\comfyui-production\staging\comfyui-v0.34.0\ComfyUI-0.34.0\blueprints\Image Outpainting (Qwen-Image).json"
"staging\comfyui-v0.34.0\ComfyUI-0.34.0\blueprints\Image Segmentation (SAM3).json","17.5","F:\一人公司\comfyui-production\staging\comfyui-v0.34.0\ComfyUI-0.34.0\blueprints\Image Segmentation (SAM3).json"
"staging\comfyui-v0.34.0\ComfyUI-0.34.0\blueprints\Image to Gaussian Splat (TripoSplat).json","50.1","F:\一人公司\comfyui-production\staging\comfyui-v0.34.0\ComfyUI-0.34.0\blueprints\Image to Gaussian Splat (TripoSplat).json"
"staging\comfyui-v0.34.0\ComfyUI-0.34.0\blueprints\Image to Layers(Qwen-Image-Layered).json","42.8","F:\一人公司\comfyui-production\staging\comfyui-v0.34.0\ComfyUI-0.34.0\blueprints\Image to Layers(Qwen-Image-Layered).json"
"staging\comfyui-v0.34.0\ComfyUI-0.34.0\blueprints\Image to Model (Hunyuan3d 2.1).json","19.2","F:\一人公司\comfyui-production\staging\comfyui-v0.34.0\ComfyUI-0.34.0\blueprints\Image to Model (Hunyuan3d 2.1).json"
"staging\comfyui-v0.34.0\ComfyUI-0.34.0\blueprints\Image to Pose Map (SDPose Multi-Person).json","29.7","F:\一人公司\comfyui-production\staging\comfyui-v0.34.0\ComfyUI-0.34.0\blueprints\Image to Pose Map (SDPose Multi-Person).json"
"staging\comfyui-v0.34.0\ComfyUI-0.34.0\blueprints\Image to Pose Map (SDPose-OOD).json","21.6","F:\一人公司\comfyui-production\staging\comfyui-v0.34.0\ComfyUI-0.34.0\blueprints\Image to Pose Map (SDPose-OOD).json"
"staging\comfyui-v0.34.0\ComfyUI-0.34.0\blueprints\Image to Video (LTX-2.3).json","110.1","F:\一人公司\comfyui-production\staging\comfyui-v0.34.0\ComfyUI-0.34.0\blueprints\Image to Video (LTX-2.3).json"
"staging\comfyui-v0.34.0\ComfyUI-0.34.0\blueprints\Image to Video (Wan 2.2).json","55.8","F:\一人公司\comfyui-production\staging\comfyui-v0.34.0\ComfyUI-0.34.0\blueprints\Image to Video (Wan 2.2).json"
"staging\comfyui-v0.34.0\ComfyUI-0.34.0\blueprints\Image Upscale(Z-image-Turbo).json","33.1","F:\一人公司\comfyui-production\staging\comfyui-v0.34.0\ComfyUI-0.34.0\blueprints\Image Upscale(Z-image-Turbo).json"
"staging\comfyui-v0.34.0\ComfyUI-0.34.0\blueprints\Merge Videos.json","30.2","F:\一人公司\comfyui-production\staging\comfyui-v0.34.0\ComfyUI-0.34.0\blueprints\Merge Videos.json"
"staging\comfyui-v0.34.0\ComfyUI-0.34.0\blueprints\Pose to Image (Z-Image-Turbo).json","33.3","F:\一人公司\comfyui-production\staging\comfyui-v0.34.0\ComfyUI-0.34.0\blueprints\Pose to Image (Z-Image-Turbo).json"
"staging\comfyui-v0.34.0\ComfyUI-0.34.0\blueprints\Pose to Video (LTX 2.0).json","100.9","F:\一人公司\comfyui-production\staging\comfyui-v0.34.0\ComfyUI-0.34.0\blueprints\Pose to Video (LTX 2.0).json"
"staging\comfyui-v0.34.0\ComfyUI-0.34.0\blueprints\Prompt Enhance.json","6.5","F:\一人公司\comfyui-production\staging\comfyui-v0.34.0\ComfyUI-0.34.0\blueprints\Prompt Enhance.json"
"staging\comfyui-v0.34.0\ComfyUI-0.34.0\blueprints\Remove Background (BiRefNet).json","9.4","F:\一人公司\comfyui-production\staging\comfyui-v0.34.0\ComfyUI-0.34.0\blueprints\Remove Background (BiRefNet).json"
"staging\comfyui-v0.34.0\ComfyUI-0.34.0\blueprints\Select Per-Line Text by Index.json","11.5","F:\一人公司\comfyui-production\staging\comfyui-v0.34.0\ComfyUI-0.34.0\blueprints\Select Per-Line Text by Index.json"
"staging\comfyui-v0.34.0\ComfyUI-0.34.0\blueprints\Sharpen.json","8.2","F:\一人公司\comfyui-production\staging\comfyui-v0.34.0\ComfyUI-0.34.0\blueprints\Sharpen.json"
"staging\comfyui-v0.34.0\ComfyUI-0.34.0\blueprints\Split Image Grid to Tiles.json","18","F:\一人公司\comfyui-production\staging\comfyui-v0.34.0\ComfyUI-0.34.0\blueprints\Split Image Grid to Tiles.json"
"staging\comfyui-v0.34.0\ComfyUI-0.34.0\blueprints\Text to Audio (ACE-Step 1.5).json","37.7","F:\一人公司\comfyui-production\staging\comfyui-v0.34.0\ComfyUI-0.34.0\blueprints\Text to Audio (ACE-Step 1.5).json"
"staging\comfyui-v0.34.0\ComfyUI-0.34.0\blueprints\Text to Image (Anima Base 1.0).json","27.1","F:\一人公司\comfyui-production\staging\comfyui-v0.34.0\ComfyUI-0.34.0\blueprints\Text to Image (Anima Base 1.0).json"
"staging\comfyui-v0.34.0\ComfyUI-0.34.0\blueprints\Text to Image (Anima).json","27.1","F:\一人公司\comfyui-production\staging\comfyui-v0.34.0\ComfyUI-0.34.0\blueprints\Text to Image (Anima).json"
"staging\comfyui-v0.34.0\ComfyUI-0.34.0\blueprints\Text to Image (Ernie Image Turbo).json","54.6","F:\一人公司\comfyui-production\staging\comfyui-v0.34.0\ComfyUI-0.34.0\blueprints\Text to Image (Ernie Image Turbo).json"
"staging\comfyui-v0.34.0\ComfyUI-0.34.0\blueprints\Text to Image (Ernie Image).json","56.3","F:\一人公司\comfyui-production\staging\comfyui-v0.34.0\ComfyUI-0.34.0\blueprints\Text to Image (Ernie Image).json"
"staging\comfyui-v0.34.0\ComfyUI-0.34.0\blueprints\Text to Image (Flux.1 Dev).json","25.3","F:\一人公司\comfyui-production\staging\comfyui-v0.34.0\ComfyUI-0.34.0\blueprints\Text to Image (Flux.1 Dev).json"
"staging\comfyui-v0.34.0\ComfyUI-0.34.0\blueprints\Text to Image (Flux.1 Krea Dev).json","25.3","F:\一人公司\comfyui-production\staging\comfyui-v0.34.0\ComfyUI-0.34.0\blueprints\Text to Image (Flux.1 Krea Dev).json"
"staging\comfyui-v0.34.0\ComfyUI-0.34.0\blueprints\Text to Image (Flux.2 Dev).json","47.7","F:\一人公司\comfyui-production\staging\comfyui-v0.34.0\ComfyUI-0.34.0\blueprints\Text to Image (Flux.2 Dev).json"
"staging\comfyui-v0.34.0\ComfyUI-0.34.0\blueprints\Text to Image (Ideogram v4).json","63.4","F:\一人公司\comfyui-production\staging\comfyui-v0.34.0\ComfyUI-0.34.0\blueprints\Text to Image (Ideogram v4).json"
"staging\comfyui-v0.34.0\ComfyUI-0.34.0\blueprints\Text to Image (NetaYume Lumina).json","37.1","F:\一人公司\comfyui-production\staging\comfyui-v0.34.0\ComfyUI-0.34.0\blueprints\Text to Image (NetaYume Lumina).json"
"staging\comfyui-v0.34.0\ComfyUI-0.34.0\blueprints\Text to Image (Qwen-Image 2512).json","50.3","F:\一人公司\comfyui-production\staging\comfyui-v0.34.0\ComfyUI-0.34.0\blueprints\Text to Image (Qwen-Image 2512).json"
"staging\comfyui-v0.34.0\ComfyUI-0.34.0\blueprints\Text to Image (Qwen-Image).json","47.2","F:\一人公司\comfyui-production\staging\comfyui-v0.34.0\ComfyUI-0.34.0\blueprints\Text to Image (Qwen-Image).json"
"staging\comfyui-v0.34.0\ComfyUI-0.34.0\blueprints\Text to Image (Z-Image-Base).json","28.8","F:\一人公司\comfyui-production\staging\comfyui-v0.34.0\ComfyUI-0.34.0\blueprints\Text to Image (Z-Image-Base).json"
"staging\comfyui-v0.34.0\ComfyUI-0.34.0\blueprints\Text to Image (Z-Image-Turbo).json","27.1","F:\一人公司\comfyui-production\staging\comfyui-v0.34.0\ComfyUI-0.34.0\blueprints\Text to Image (Z-Image-Turbo).json"
"staging\comfyui-v0.34.0\ComfyUI-0.34.0\blueprints\Text to Image.json","28.1","F:\一人公司\comfyui-production\staging\comfyui-v0.34.0\ComfyUI-0.34.0\blueprints\Text to Image.json"
"staging\comfyui-v0.34.0\ComfyUI-0.34.0\blueprints\Text to Video (LTX-2.3).json","111.8","F:\一人公司\comfyui-production\staging\comfyui-v0.34.0\ComfyUI-0.34.0\blueprints\Text to Video (LTX-2.3).json"
"staging\comfyui-v0.34.0\ComfyUI-0.34.0\blueprints\Text to Video (Wan 2.2).json","43.7","F:\一人公司\comfyui-production\staging\comfyui-v0.34.0\ComfyUI-0.34.0\blueprints\Text to Video (Wan 2.2).json"
"staging\comfyui-v0.34.0\ComfyUI-0.34.0\blueprints\Unsharp Mask.json","12.4","F:\一人公司\comfyui-production\staging\comfyui-v0.34.0\ComfyUI-0.34.0\blueprints\Unsharp Mask.json"
"staging\comfyui-v0.34.0\ComfyUI-0.34.0\blueprints\Video Captioning (Gemini).json","10.8","F:\一人公司\comfyui-production\staging\comfyui-v0.34.0\ComfyUI-0.34.0\blueprints\Video Captioning (Gemini).json"
"staging\comfyui-v0.34.0\ComfyUI-0.34.0\blueprints\Video Depth Estimation (Depth Anything 3).json","20.5","F:\一人公司\comfyui-production\staging\comfyui-v0.34.0\ComfyUI-0.34.0\blueprints\Video Depth Estimation (Depth Anything 3).json"
"staging\comfyui-v0.34.0\ComfyUI-0.34.0\blueprints\Video Depth Estimation (MoGe).json","30.8","F:\一人公司\comfyui-production\staging\comfyui-v0.34.0\ComfyUI-0.34.0\blueprints\Video Depth Estimation (MoGe).json"
"staging\comfyui-v0.34.0\ComfyUI-0.34.0\blueprints\Video Edit (Bernini-R).json","95.7","F:\一人公司\comfyui-production\staging\comfyui-v0.34.0\ComfyUI-0.34.0\blueprints\Video Edit (Bernini-R).json"
"staging\comfyui-v0.34.0\ComfyUI-0.34.0\blueprints\Video Face Detection (Mediapipe).json","27.5","F:\一人公司\comfyui-production\staging\comfyui-v0.34.0\ComfyUI-0.34.0\blueprints\Video Face Detection (Mediapipe).json"
"staging\comfyui-v0.34.0\ComfyUI-0.34.0\blueprints\Video Inpaint (VOID).json","110.3","F:\一人公司\comfyui-production\staging\comfyui-v0.34.0\ComfyUI-0.34.0\blueprints\Video Inpaint (VOID).json"
"staging\comfyui-v0.34.0\ComfyUI-0.34.0\blueprints\Video Inpainting (Wan2.1 VACE).json","106.8","F:\一人公司\comfyui-production\staging\comfyui-v0.34.0\ComfyUI-0.34.0\blueprints\Video Inpainting (Wan2.1 VACE).json"
"staging\comfyui-v0.34.0\ComfyUI-0.34.0\blueprints\Video Segmentation (SAM3).json","20.3","F:\一人公司\comfyui-production\staging\comfyui-v0.34.0\ComfyUI-0.34.0\blueprints\Video Segmentation (SAM3).json"
"staging\comfyui-v0.34.0\ComfyUI-0.34.0\blueprints\Video Stitch.json","21.7","F:\一人公司\comfyui-production\staging\comfyui-v0.34.0\ComfyUI-0.34.0\blueprints\Video Stitch.json"
"staging\comfyui-v0.34.0\ComfyUI-0.34.0\blueprints\Video to Pose Map (SDPose Multi-Person).json","32.5","F:\一人公司\comfyui-production\staging\comfyui-v0.34.0\ComfyUI-0.34.0\blueprints\Video to Pose Map (SDPose Multi-Person).json"
"staging\comfyui-v0.34.0\ComfyUI-0.34.0\blueprints\Video Upscale(GAN x4).json","9.8","F:\一人公司\comfyui-production\staging\comfyui-v0.34.0\ComfyUI-0.34.0\blueprints\Video Upscale(GAN x4).json"
"staging\comfyui-v0.34.0\ComfyUI-0.34.0\comfy\clip_config_bigg.json","0.5","F:\一人公司\comfyui-production\staging\comfyui-v0.34.0\ComfyUI-0.34.0\comfy\clip_config_bigg.json"
"staging\comfyui-v0.34.0\ComfyUI-0.34.0\comfy\clip_vision_config_g.json","0.4","F:\一人公司\comfyui-production\staging\comfyui-v0.34.0\ComfyUI-0.34.0\comfy\clip_vision_config_g.json"
"staging\comfyui-v0.34.0\ComfyUI-0.34.0\comfy\clip_vision_config_h.json","0.4","F:\一人公司\comfyui-production\staging\comfyui-v0.34.0\ComfyUI-0.34.0\comfy\clip_vision_config_h.json"
"staging\comfyui-v0.34.0\ComfyUI-0.34.0\comfy\clip_vision_config_vitl.json","0.4","F:\一人公司\comfyui-production\staging\comfyui-v0.34.0\ComfyUI-0.34.0\comfy\clip_vision_config_vitl.json"
"staging\comfyui-v0.34.0\ComfyUI-0.34.0\comfy\clip_vision_config_vitl_336.json","0.4","F:\一人公司\comfyui-production\staging\comfyui-v0.34.0\ComfyUI-0.34.0\comfy\clip_vision_config_vitl_336.json"
"staging\comfyui-v0.34.0\ComfyUI-0.34.0\comfy\clip_vision_config_vitl_336_llava.json","0.4","F:\一人公司\comfyui-production\staging\comfyui-v0.34.0\ComfyUI-0.34.0\comfy\clip_vision_config_vitl_336_llava.json"
"staging\comfyui-v0.34.0\ComfyUI-0.34.0\comfy\clip_vision_siglip2_base_naflex.json","0.3","F:\一人公司\comfyui-production\staging\comfyui-v0.34.0\ComfyUI-0.34.0\comfy\clip_vision_siglip2_base_naflex.json"
"staging\comfyui-v0.34.0\ComfyUI-0.34.0\comfy\clip_vision_siglip_384.json","0.3","F:\一人公司\comfyui-production\staging\comfyui-v0.34.0\ComfyUI-0.34.0\comfy\clip_vision_siglip_384.json"
"staging\comfyui-v0.34.0\ComfyUI-0.34.0\comfy\clip_vision_siglip_512.json","0.3","F:\一人公司\comfyui-production\staging\comfyui-v0.34.0\ComfyUI-0.34.0\comfy\clip_vision_siglip_512.json"
"staging\comfyui-v0.34.0\ComfyUI-0.34.0\comfy\sd1_clip_config.json","0.6","F:\一人公司\comfyui-production\staging\comfyui-v0.34.0\ComfyUI-0.34.0\comfy\sd1_clip_config.json"
"staging\comfyui-v0.34.0\ComfyUI-0.34.0\comfy\background_removal\birefnet.json","0.2","F:\一人公司\comfyui-production\staging\comfyui-v0.34.0\ComfyUI-0.34.0\comfy\background_removal\birefnet.json"
"staging\comfyui-v0.34.0\ComfyUI-0.34.0\comfy\image_encoders\dino2_giant.json","0.5","F:\一人公司\comfyui-production\staging\comfyui-v0.34.0\ComfyUI-0.34.0\comfy\image_encoders\dino2_giant.json"
"staging\comfyui-v0.34.0\ComfyUI-0.34.0\comfy\image_encoders\dino2_large.json","0.5","F:\一人公司\comfyui-production\staging\comfyui-v0.34.0\ComfyUI-0.34.0\comfy\image_encoders\dino2_large.json"
"staging\comfyui-v0.34.0\ComfyUI-0.34.0\comfy\image_encoders\dino3_large.json","0.5","F:\一人公司\comfyui-production\staging\comfyui-v0.34.0\ComfyUI-0.34.0\comfy\image_encoders\dino3_large.json"
"staging\comfyui-v0.34.0\ComfyUI-0.34.0\comfy\sd1_tokenizer\special_tokens_map.json","0.5","F:\一人公司\comfyui-production\staging\comfyui-v0.34.0\ComfyUI-0.34.0\comfy\sd1_tokenizer\special_tokens_map.json"
"staging\comfyui-v0.34.0\ComfyUI-0.34.0\comfy\sd1_tokenizer\tokenizer_config.json","0.8","F:\一人公司\comfyui-production\staging\comfyui-v0.34.0\ComfyUI-0.34.0\comfy\sd1_tokenizer\tokenizer_config.json"
"staging\comfyui-v0.34.0\ComfyUI-0.34.0\comfy\sd1_tokenizer\vocab.json","1035.1","F:\一人公司\comfyui-production\staging\comfyui-v0.34.0\ComfyUI-0.34.0\comfy\sd1_tokenizer\vocab.json"
"staging\comfyui-v0.34.0\ComfyUI-0.34.0\comfy\text_encoders\byt5_config_small_glyph.json","0.5","F:\一人公司\comfyui-production\staging\comfyui-v0.34.0\ComfyUI-0.34.0\comfy\text_encoders\byt5_config_small_glyph.json"
"staging\comfyui-v0.34.0\ComfyUI-0.34.0\comfy\text_encoders\hydit_clip.json","0.9","F:\一人公司\comfyui-production\staging\comfyui-v0.34.0\ComfyUI-0.34.0\comfy\text_encoders\hydit_clip.json"
"staging\comfyui-v0.34.0\ComfyUI-0.34.0\comfy\text_encoders\mt5_config_xl.json","0.5","F:\一人公司\comfyui-production\staging\comfyui-v0.34.0\ComfyUI-0.34.0\comfy\text_encoders\mt5_config_xl.json"
"staging\comfyui-v0.34.0\ComfyUI-0.34.0\comfy\text_encoders\sd2_clip_config.json","0.5","F:\一人公司\comfyui-production\staging\comfyui-v0.34.0\ComfyUI-0.34.0\comfy\text_encoders\sd2_clip_config.json"
"staging\comfyui-v0.34.0\ComfyUI-0.34.0\comfy\text_encoders\t5_config_base.json","0.5","F:\一人公司\comfyui-production\staging\comfyui-v0.34.0\ComfyUI-0.34.0\comfy\text_encoders\t5_config_base.json"
"staging\comfyui-v0.34.0\ComfyUI-0.34.0\comfy\text_encoders\t5_config_xxl.json","0.5","F:\一人公司\comfyui-production\staging\comfyui-v0.34.0\ComfyUI-0.34.0\comfy\text_encoders\t5_config_xxl.json"
"staging\comfyui-v0.34.0\ComfyUI-0.34.0\comfy\text_encoders\t5_old_config_xxl.json","0.5","F:\一人公司\comfyui-production\staging\comfyui-v0.34.0\ComfyUI-0.34.0\comfy\text_encoders\t5_old_config_xxl.json"
"staging\comfyui-v0.34.0\ComfyUI-0.34.0\comfy\text_encoders\t5_pile_config_xl.json","0.5","F:\一人公司\comfyui-production\staging\comfyui-v0.34.0\ComfyUI-0.34.0\comfy\text_encoders\t5_pile_config_xl.json"
"staging\comfyui-v0.34.0\ComfyUI-0.34.0\comfy\text_encoders\umt5_config_base.json","0.5","F:\一人公司\comfyui-production\staging\comfyui-v0.34.0\ComfyUI-0.34.0\comfy\text_encoders\umt5_config_base.json"
"staging\comfyui-v0.34.0\ComfyUI-0.34.0\comfy\text_encoders\umt5_config_xxl.json","0.5","F:\一人公司\comfyui-production\staging\comfyui-v0.34.0\ComfyUI-0.34.0\comfy\text_encoders\umt5_config_xxl.json"
"staging\comfyui-v0.34.0\ComfyUI-0.34.0\comfy\text_encoders\ace_lyrics_tokenizer\vocab.json","355.5","F:\一人公司\comfyui-production\staging\comfyui-v0.34.0\ComfyUI-0.34.0\comfy\text_encoders\ace_lyrics_tokenizer\vocab.json"
"staging\comfyui-v0.34.0\ComfyUI-0.34.0\comfy\text_encoders\byt5_tokenizer\added_tokens.json","2.9","F:\一人公司\comfyui-production\staging\comfyui-v0.34.0\ComfyUI-0.34.0\comfy\text_encoders\byt5_tokenizer\added_tokens.json"
"staging\comfyui-v0.34.0\ComfyUI-0.34.0\comfy\text_encoders\byt5_tokenizer\special_tokens_map.json","3","F:\一人公司\comfyui-production\staging\comfyui-v0.34.0\ComfyUI-0.34.0\comfy\text_encoders\byt5_tokenizer\special_tokens_map.json"
"staging\comfyui-v0.34.0\ComfyUI-0.34.0\comfy\text_encoders\byt5_tokenizer\tokenizer_config.json","25","F:\一人公司\comfyui-production\staging\comfyui-v0.34.0\ComfyUI-0.34.0\comfy\text_encoders\byt5_tokenizer\tokenizer_config.json"
"staging\comfyui-v0.34.0\ComfyUI-0.34.0\comfy\text_encoders\hydit_clip_tokenizer\special_tokens_map.json","0.1","F:\一人公司\comfyui-production\staging\comfyui-v0.34.0\ComfyUI-0.34.0\comfy\text_encoders\hydit_clip_tokenizer\special_tokens_map.json"
"staging\comfyui-v0.34.0\ComfyUI-0.34.0\comfy\text_encoders\hydit_clip_tokenizer\tokenizer_config.json","0.5","F:\一人公司\comfyui-production\staging\comfyui-v0.34.0\ComfyUI-0.34.0\comfy\text_encoders\hydit_clip_tokenizer\tokenizer_config.json"
"staging\comfyui-v0.34.0\ComfyUI-0.34.0\comfy\text_encoders\llama_tokenizer\tokenizer.json","8872.9","F:\一人公司\comfyui-production\staging\comfyui-v0.34.0\ComfyUI-0.34.0\comfy\text_encoders\llama_tokenizer\tokenizer.json"
"staging\comfyui-v0.34.0\ComfyUI-0.34.0\comfy\text_encoders\llama_tokenizer\tokenizer_config.json","50.5","F:\一人公司\comfyui-production\staging\comfyui-v0.34.0\ComfyUI-0.34.0\comfy\text_encoders\llama_tokenizer\tokenizer_config.json"
"staging\comfyui-v0.34.0\ComfyUI-0.34.0\comfy\text_encoders\qwen25_tokenizer\tokenizer_config.json","7.8","F:\一人公司\comfyui-production\staging\comfyui-v0.34.0\ComfyUI-0.34.0\comfy\text_encoders\qwen25_tokenizer\tokenizer_config.json"
"staging\comfyui-v0.34.0\ComfyUI-0.34.0\comfy\text_encoders\qwen25_tokenizer\vocab.json","2711.8","F:\一人公司\comfyui-production\staging\comfyui-v0.34.0\ComfyUI-0.34.0\comfy\text_encoders\qwen25_tokenizer\vocab.json"
"staging\comfyui-v0.34.0\ComfyUI-0.34.0\comfy\text_encoders\qwen35_tokenizer\tokenizer_config.json","16.3","F:\一人公司\comfyui-production\staging\comfyui-v0.34.0\ComfyUI-0.34.0\comfy\text_encoders\qwen35_tokenizer\tokenizer_config.json"
"staging\comfyui-v0.34.0\ComfyUI-0.34.0\comfy\text_encoders\qwen35_tokenizer\vocab.json","6565.2","F:\一人公司\comfyui-production\staging\comfyui-v0.34.0\ComfyUI-0.34.0\comfy\text_encoders\qwen35_tokenizer\vocab.json"
"staging\comfyui-v0.34.0\ComfyUI-0.34.0\comfy\text_encoders\t5_tokenizer\special_tokens_map.json","2.5","F:\一人公司\comfyui-production\staging\comfyui-v0.34.0\ComfyUI-0.34.0\comfy\text_encoders\t5_tokenizer\special_tokens_map.json"
"staging\comfyui-v0.34.0\ComfyUI-0.34.0\comfy\text_encoders\t5_tokenizer\tokenizer.json","2367.4","F:\一人公司\comfyui-production\staging\comfyui-v0.34.0\ComfyUI-0.34.0\comfy\text_encoders\t5_tokenizer\tokenizer.json"
"staging\comfyui-v0.34.0\ComfyUI-0.34.0\comfy\text_encoders\t5_tokenizer\tokenizer_config.json","20.3","F:\一人公司\comfyui-production\staging\comfyui-v0.34.0\ComfyUI-0.34.0\comfy\text_encoders\t5_tokenizer\tokenizer_config.json"
"staging\comfyui-v0.34.0\ComfyUI-0.34.0\tests\inference\graphs\default_graph_sdxl1_0.json","2.6","F:\一人公司\comfyui-production\staging\comfyui-v0.34.0\ComfyUI-0.34.0\tests\inference\graphs\default_graph_sdxl1_0.json"
"staging\comfyui-v0.34.0\ComfyUI-0.34.0\tests-unit\comfy_extras_test\compositor_blend_golden.json","75.4","F:\一人公司\comfyui-production\staging\comfyui-v0.34.0\ComfyUI-0.34.0\tests-unit\comfy_extras_test\compositor_blend_golden.json"
"staging\h3-extender-88cc10d4\ComfyUI_MiniMax_H3_Extender-88cc10d4db3d51f88e6a3fe097f5a750edf05ab3\Workflow\MiniMax_Extender.json","32.2","F:\一人公司\comfyui-production\staging\h3-extender-88cc10d4\ComfyUI_MiniMax_H3_Extender-88cc10d4db3d51f88e6a3fe097f5a750edf05ab3\Workflow\MiniMax_Extender.json"
"staging\h3-extender-88cc10d4\ComfyUI_MiniMax_H3_Extender-88cc10d4db3d51f88e6a3fe097f5a750edf05ab3\Workflow\MiniMax_Extender_external_refs_and_external_prompts.json","30.1","F:\一人公司\comfyui-production\staging\h3-extender-88cc10d4\ComfyUI_MiniMax_H3_Extender-88cc10d4db3d51f88e6a3fe097f5a750edf05ab3\Workflow\MiniMax_Extender_external_refs_and_external_prompts.json"
"staging\h3-extender-88cc10d4\ComfyUI_MiniMax_H3_Extender-88cc10d4db3d51f88e6a3fe097f5a750edf05ab3\Workflow\MiniMax_Extender_video_refs.json","18.4","F:\一人公司\comfyui-production\staging\h3-extender-88cc10d4\ComfyUI_MiniMax_H3_Extender-88cc10d4db3d51f88e6a3fe097f5a750edf05ab3\Workflow\MiniMax_Extender_video_refs.json"
"workflows\wan2.1_i2v_ref_5s_local.json","3.9","F:\一人公司\comfyui-production\workflows\wan2.1_i2v_ref_5s_local.json"
"workflows\specs\01_three_images_masterframe_i2v.json","1.3","F:\一人公司\comfyui-production\workflows\specs\01_three_images_masterframe_i2v.json"
"workflows\specs\02_two_images_one_video_dual_character_control.json","1.5","F:\一人公司\comfyui-production\workflows\specs\02_two_images_one_video_dual_character_control.json"
"workflows\specs\03_single_character_wan_animate.json","1.3","F:\一人公司\comfyui-production\workflows\specs\03_single_character_wan_animate.json"
"workflows\specs\04_ltx25_first_last_frame.json","1.2","F:\一人公司\comfyui-production\workflows\specs\04_ltx25_first_last_frame.json"
"workflows\specs\05_dialogue_and_audio.json","1.3","F:\一人公司\comfyui-production\workflows\specs\05_dialogue_and_audio.json"
"workflows\specs\06_upscale_interpolate_export.json","1.3","F:\一人公司\comfyui-production\workflows\specs\06_upscale_interpolate_export.json"
"workflows\specs\07_minimax_h3_unified.json","2.2","F:\一人公司\comfyui-production\workflows\specs\07_minimax_h3_unified.json"
