"Folder","FullName","FileCount","SizeGB"
"__pycache__","F:\一人公司\comfyui-production\staging\comfyui-v0.34.0\ComfyUI-0.34.0\comfy\ldm\modules\diffusionmodules\__pycache__","2","0"
"__pycache__","F:\一人公司\comfyui-production\staging\comfyui-v0.34.0\ComfyUI-0.34.0\comfy\ldm\modules\__pycache__","2","0"
"__pycache__","F:\一人公司\comfyui-production\tests\__pycache__","7","0"
"__pycache__","F:\一人公司\comfyui-production\staging\h3-extender-88cc10d4\ComfyUI_MiniMax_H3_Extender-88cc10d4db3d51f88e6a3fe097f5a750edf05ab3\__pycache__","3","0"
"__pycache__","F:\一人公司\comfyui-production\staging\comfyui-v0.34.0\ComfyUI-0.34.0\comfy\ldm\minimax\__pycache__","1","0"
"__pycache__","F:\一人公司\comfyui-production\src\comfyui_production\__pycache__","10","0"
"__pycache__","F:\一人公司\comfyui-production\scripts\__pycache__","3","0"
"__pycache__","F:\一人公司\comfyui-production\staging\comfyui-v0.34.0\ComfyUI-0.34.0\comfy\ldm\__pycache__","2","0"
"__pycache__","F:\一人公司\comfyui-production\staging\comfyui-v0.34.0\ComfyUI-0.34.0\comfy\__pycache__","13","0"
