"Name","FullName","SizeKB"
".env.example","F:\一人公司\comfyui-production\.env.example","1.7"
"requirements.txt","F:\一人公司\comfyui-production\backups\h3-upgrade-20260907-034505\requirements.txt","0.5"
"README.md","F:\一人公司\comfyui-production\sample_assets\README.md","0.4"
"README.md","F:\一人公司\comfyui-production\sample_assets\audio\README.md","0.3"
"AGENTS.md","F:\一人公司\comfyui-production\staging\comfyui-v0.34.0\ComfyUI-0.34.0\AGENTS.md","22.5"
"pyproject.toml","F:\一人公司\comfyui-production\staging\comfyui-v0.34.0\ComfyUI-0.34.0\pyproject.toml","2"
"README.md","F:\一人公司\comfyui-production\staging\comfyui-v0.34.0\ComfyUI-0.34.0\README.md","27.2"
"requirements.txt","F:\一人公司\comfyui-production\staging\comfyui-v0.34.0\ComfyUI-0.34.0\requirements.txt","0.5"
"README.md","F:\一人公司\comfyui-production\staging\comfyui-v0.34.0\ComfyUI-0.34.0\alembic_db\README.md","0.1"
"README.md","F:\一人公司\comfyui-production\staging\comfyui-v0.34.0\ComfyUI-0.34.0\api_server\routes\internal\README.md","0.2"
"README.md","F:\一人公司\comfyui-production\staging\comfyui-v0.34.0\ComfyUI-0.34.0\blueprints\.glsl\README.md","0.7"
"README.md","F:\一人公司\comfyui-production\staging\comfyui-v0.34.0\ComfyUI-0.34.0\comfy\comfy_types\README.md","1.3"
"README.md","F:\一人公司\comfyui-production\staging\comfyui-v0.34.0\ComfyUI-0.34.0\tests\README.md","0.5"
"README.md","F:\一人公司\comfyui-production\staging\comfyui-v0.34.0\ComfyUI-0.34.0\tests-unit\README.md","0.1"
"requirements.txt","F:\一人公司\comfyui-production\staging\comfyui-v0.34.0\ComfyUI-0.34.0\tests-unit\requirements.txt","0.1"
"pyproject.toml","F:\一人公司\comfyui-production\staging\h3-extender-88cc10d4\ComfyUI_MiniMax_H3_Extender-88cc10d4db3d51f88e6a3fe097f5a750edf05ab3\pyproject.toml","0.5"
"README.md","F:\一人公司\comfyui-production\staging\h3-extender-88cc10d4\ComfyUI_MiniMax_H3_Extender-88cc10d4db3d51f88e6a3fe097f5a750edf05ab3\README.md","16.9"
"requirements.txt","F:\一人公司\comfyui-production\staging\h3-extender-88cc10d4\ComfyUI_MiniMax_H3_Extender-88cc10d4db3d51f88e6a3fe097f5a750edf05ab3\requirements.txt","0"
